"","id","x","y"
"1",1,50,0
"2",2,93.3012701892219,75
"3",3,6.69872981077807,75
